日期,门店,商品,数量,金额
2026-09-01,南京新街口店,矿泉水,95,1382.40
2026-09-02,苏州工业园店,方便面,95,521.45
2026-09-03,南京新街口店,洗衣液,55,168.60
2026-09-04,南京新街口店,方便面,30,2531.72
2026-09-05,南京新街口店,洗衣液,26,3582.94
2026-09-06,杭州西湖店,方便面,58,2950.44
2026-09-07,南京新街口店,方便面,90,2118.85
2026-09-08,上海徐汇店,方便面,28,4786.49
2026-09-09,上海徐汇店,矿泉水,12,1905.84
2026-09-10,上海徐汇店,咖啡豆,78,1329.96
2026-09-11,南京新街口店,纸巾,69,632.88
2026-09-12,杭州西湖店,矿泉水,71,1472.96
2026-09-13,上海徐汇店,洗衣液,25,3525.81
2026-09-14,南京新街口店,方便面,99,1454.05
2026-09-15,南京新街口店,方便面,13,1906.83
2026-09-16,杭州西湖店,咖啡豆,21,1857.20
2026-09-17,苏州工业园店,咖啡豆,90,4683.91
2026-09-18,南京新街口店,洗衣液,82,863.98
2026-09-19,苏州工业园店,方便面,60,1903.48
2026-09-20,苏州工业园店,咖啡豆,99,3882.24
2026-09-21,苏州工业园店,矿泉水,41,2011.81
2026-09-22,南京新街口店,方便面,73,4383.07
2026-09-23,上海徐汇店,方便面,84,2501.16
2026-09-24,杭州西湖店,方便面,34,706.76
2026-09-25,上海徐汇店,洗衣液,55,4490.14
2026-09-26,杭州西湖店,咖啡豆,29,4986.66
2026-09-27,苏州工业园店,洗衣液,64,463.64
2026-09-28,南京新街口店,矿泉水,20,3140.96
2026-09-01,杭州西湖店,洗衣液,9,1929.99
2026-09-02,杭州西湖店,洗衣液,33,4855.68
2026-09-03,南京新街口店,矿泉水,88,4425.09
2026-09-04,上海徐汇店,咖啡豆,15,1474.57
2026-09-05,苏州工业园店,纸巾,1,4769.54
2026-09-06,上海徐汇店,洗衣液,98,901.47
2026-09-07,南京新街口店,咖啡豆,82,2543.24
2026-09-08,苏州工业园店,方便面,48,3814.93
2026-09-09,南京新街口店,洗衣液,42,2448.14
2026-09-10,南京新街口店,咖啡豆,40,1204.87
2026-09-11,苏州工业园店,洗衣液,11,437.41
2026-09-12,杭州西湖店,矿泉水,98,2668.20
2026-09-13,苏州工业园店,方便面,85,2381.66
2026-09-14,苏州工业园店,咖啡豆,68,4363.44
2026-09-15,杭州西湖店,方便面,70,3778.77
2026-09-16,苏州工业园店,咖啡豆,52,4975.80
2026-09-17,上海徐汇店,纸巾,67,2262.92
2026-09-18,苏州工业园店,方便面,9,1697.05
2026-09-19,苏州工业园店,洗衣液,29,45.88
2026-09-20,南京新街口店,方便面,9,4528.05
2026-09-21,上海徐汇店,矿泉水,66,1197.64
2026-09-22,杭州西湖店,方便面,70,670.24
2026-09-23,杭州西湖店,方便面,61,4039.41
2026-09-24,苏州工业园店,矿泉水,13,3298.32
2026-09-25,上海徐汇店,纸巾,53,2340.45
2026-09-26,南京新街口店,矿泉水,8,2019.08
2026-09-27,上海徐汇店,矿泉水,32,966.03
2026-09-28,杭州西湖店,方便面,55,925.61
2026-09-01,杭州西湖店,方便面,10,2221.22
2026-09-02,南京新街口店,矿泉水,84,4996.42
2026-09-03,南京新街口店,矿泉水,97,4244.99
2026-09-04,苏州工业园店,纸巾,63,2411.98
2026-09-05,杭州西湖店,矿泉水,22,1901.08
2026-09-06,杭州西湖店,咖啡豆,59,1433.39
2026-09-07,杭州西湖店,方便面,25,1490.57
2026-09-08,南京新街口店,洗衣液,95,2715.55
2026-09-09,上海徐汇店,矿泉水,7,2925.05
2026-09-10,苏州工业园店,矿泉水,66,409.76
2026-09-11,苏州工业园店,矿泉水,77,349.12
2026-09-12,苏州工业园店,纸巾,16,4708.56
2026-09-13,苏州工业园店,洗衣液,77,208.31
2026-09-14,南京新街口店,纸巾,85,2922.52
2026-09-15,上海徐汇店,咖啡豆,27,3351.93
2026-09-16,上海徐汇店,方便面,34,1984.97
2026-09-17,上海徐汇店,纸巾,41,4645.80
2026-09-18,南京新街口店,矿泉水,59,3109.58
2026-09-19,南京新街口店,矿泉水,69,1073.64
2026-09-20,上海徐汇店,方便面,45,4405.51
2026-09-21,苏州工业园店,咖啡豆,37,797.16
2026-09-22,上海徐汇店,洗衣液,84,2649.41
2026-09-23,上海徐汇店,矿泉水,18,1329.68
2026-09-24,南京新街口店,洗衣液,20,1369.02
2026-09-25,苏州工业园店,咖啡豆,27,3440.61
2026-09-26,上海徐汇店,洗衣液,63,1263.10
2026-09-27,南京新街口店,矿泉水,82,2123.64
2026-09-28,上海徐汇店,矿泉水,1,1674.45
2026-09-01,苏州工业园店,咖啡豆,21,3708.74
2026-09-02,杭州西湖店,洗衣液,2,568.25
2026-09-03,苏州工业园店,洗衣液,5,4174.63
2026-09-04,苏州工业园店,纸巾,17,218.73
2026-09-05,上海徐汇店,矿泉水,46,1058.28
2026-09-06,苏州工业园店,矿泉水,46,3902.78
2026-09-07,杭州西湖店,洗衣液,96,781.22
2026-09-08,苏州工业园店,方便面,23,4408.27
2026-09-09,南京新街口店,方便面,95,4623.19
2026-09-10,杭州西湖店,方便面,35,804.40
2026-09-11,南京新街口店,纸巾,5,4294.38
2026-09-12,苏州工业园店,方便面,59,1754.80
2026-09-13,苏州工业园店,方便面,4,3303.57
2026-09-14,杭州西湖店,咖啡豆,36,4323.12
2026-09-15,上海徐汇店,咖啡豆,83,2551.93
2026-09-16,上海徐汇店,矿泉水,15,4386.42
2026-09-17,上海徐汇店,方便面,75,4813.05
2026-09-18,上海徐汇店,矿泉水,14,2986.89
2026-09-19,上海徐汇店,咖啡豆,56,3034.98
2026-09-20,南京新街口店,纸巾,74,958.49
2026-09-21,南京新街口店,纸巾,1,2604.40
2026-09-22,苏州工业园店,咖啡豆,56,359.17
2026-09-23,上海徐汇店,洗衣液,41,3320.30
2026-09-24,南京新街口店,咖啡豆,65,1553.33
2026-09-25,杭州西湖店,咖啡豆,52,3489.07
2026-09-26,苏州工业园店,方便面,54,3328.00
2026-09-27,杭州西湖店,方便面,79,2849.84
2026-09-28,杭州西湖店,洗衣液,1,1526.34
2026-09-01,苏州工业园店,纸巾,75,3037.24
2026-09-02,上海徐汇店,纸巾,57,2216.38
2026-09-03,苏州工业园店,洗衣液,61,3970.74
2026-09-04,苏州工业园店,矿泉水,37,2582.11
2026-09-05,上海徐汇店,矿泉水,97,1181.99
2026-09-06,上海徐汇店,方便面,26,745.30
2026-09-07,南京新街口店,方便面,61,3060.26
2026-09-08,南京新街口店,纸巾,54,4431.82
2026-09-09,苏州工业园店,纸巾,64,2004.27
2026-09-10,苏州工业园店,矿泉水,97,4303.60
2026-09-11,南京新街口店,纸巾,29,887.67
2026-09-12,杭州西湖店,矿泉水,72,1253.50
2026-09-13,南京新街口店,纸巾,18,4009.07
2026-09-14,上海徐汇店,纸巾,79,4076.88
2026-09-15,杭州西湖店,洗衣液,58,4487.07
2026-09-16,杭州西湖店,纸巾,34,3761.37
2026-09-17,上海徐汇店,洗衣液,63,3137.47
2026-09-18,上海徐汇店,纸巾,10,3570.59
2026-09-19,苏州工业园店,咖啡豆,43,1605.35
2026-09-20,南京新街口店,方便面,20,1163.99
2026-09-21,苏州工业园店,方便面,9,2080.19
2026-09-22,上海徐汇店,洗衣液,60,2084.71
2026-09-23,苏州工业园店,纸巾,50,4525.14
2026-09-24,南京新街口店,洗衣液,49,2390.13
2026-09-25,上海徐汇店,咖啡豆,97,1956.03
2026-09-26,杭州西湖店,洗衣液,96,3675.82
2026-09-27,苏州工业园店,纸巾,29,1371.95
2026-09-28,杭州西湖店,矿泉水,50,1687.29
2026-09-01,杭州西湖店,方便面,60,4598.51
2026-09-02,南京新街口店,纸巾,76,2826.32
2026-09-03,南京新街口店,矿泉水,83,2148.78
2026-09-04,杭州西湖店,方便面,7,1308.18
2026-09-05,上海徐汇店,方便面,59,1640.96
2026-09-06,杭州西湖店,咖啡豆,97,4756.51
2026-09-07,杭州西湖店,咖啡豆,11,2356.83
2026-09-08,南京新街口店,咖啡豆,29,3254.22
2026-09-09,南京新街口店,矿泉水,32,1004.81
2026-09-10,南京新街口店,洗衣液,20,1200.34
2026-09-11,杭州西湖店,矿泉水,73,4739.31
2026-09-12,杭州西湖店,咖啡豆,99,1850.79
2026-09-13,南京新街口店,方便面,40,549.41
2026-09-14,南京新街口店,咖啡豆,74,3389.96
2026-09-15,杭州西湖店,纸巾,92,999.67
2026-09-16,苏州工业园店,矿泉水,90,3864.68
2026-09-17,南京新街口店,洗衣液,6,1742.55
2026-09-18,杭州西湖店,咖啡豆,9,2534.74
2026-09-19,上海徐汇店,矿泉水,54,4113.43
2026-09-20,南京新街口店,纸巾,47,3181.57
2026-09-21,杭州西湖店,方便面,56,888.92
2026-09-22,上海徐汇店,洗衣液,69,3875.46
2026-09-23,杭州西湖店,纸巾,94,2966.45
2026-09-24,上海徐汇店,方便面,12,1401.85
2026-09-25,杭州西湖店,方便面,97,2328.90
2026-09-26,杭州西湖店,咖啡豆,4,2476.59
2026-09-27,上海徐汇店,方便面,63,1068.48
2026-09-28,上海徐汇店,咖啡豆,36,4402.80
2026-09-01,上海徐汇店,洗衣液,2,2587.97
2026-09-02,苏州工业园店,矿泉水,31,3603.17
2026-09-03,杭州西湖店,洗衣液,98,1209.22
2026-09-04,杭州西湖店,纸巾,58,3966.74
2026-09-05,南京新街口店,咖啡豆,29,2027.96
2026-09-06,苏州工业园店,咖啡豆,85,2911.96
2026-09-07,杭州西湖店,洗衣液,68,1725.35
2026-09-08,上海徐汇店,咖啡豆,90,2274.19
2026-09-09,上海徐汇店,咖啡豆,30,612.07
2026-09-10,苏州工业园店,咖啡豆,16,3716.98
2026-09-11,苏州工业园店,方便面,28,3695.64
2026-09-12,上海徐汇店,洗衣液,98,2627.94
2026-09-13,上海徐汇店,矿泉水,25,1488.27
2026-09-14,上海徐汇店,方便面,39,80.60
2026-09-15,苏州工业园店,咖啡豆,6,4871.73
2026-09-16,上海徐汇店,方便面,82,4343.62
2026-09-17,杭州西湖店,矿泉水,2,2874.58
2026-09-18,杭州西湖店,纸巾,57,1710.12
2026-09-19,南京新街口店,咖啡豆,62,579.29
2026-09-20,南京新街口店,纸巾,63,379.67
2026-09-21,南京新街口店,方便面,20,4057.60
2026-09-22,上海徐汇店,矿泉水,32,601.07
2026-09-23,杭州西湖店,洗衣液,77,3955.80
2026-09-24,苏州工业园店,洗衣液,49,2258.07
2026-09-25,杭州西湖店,咖啡豆,76,4950.26
2026-09-26,上海徐汇店,洗衣液,80,310.55
2026-09-27,南京新街口店,方便面,81,1063.02
2026-09-28,南京新街口店,方便面,31,877.33
2026-09-01,南京新街口店,方便面,1,2048.50
2026-09-02,杭州西湖店,咖啡豆,5,1165.07
2026-09-03,上海徐汇店,纸巾,10,3440.05
2026-09-04,上海徐汇店,洗衣液,85,4021.49
